id,model,noMesin,noRangka,deliveryDate
1,AGYA,-,MHKA4GA5JHJ009598,1/24/2018
2,CALYA ,-,MHKA6GJ6JHJ063260,2/6/2018
3,AVANZA,-,MHKM5FA4JHK036062,1/29/2018
4,AVANZA,-,MHKM5EA3JHK090520,2/9/2018
5,INNOVA,-,MHFJW8EM4H2342830,2/13/2018
6,AGYA ,-,MHKA4GA5JHJ010182,8/11/2017
7,AVANZA ,-,MHKM5FA4JHK031662,9/11/2017
8,INNOVA,-,MHFGW8EM7H1015693,9/11/2017
9,AGYA,-,MHKA4DA3JHJ114659,10/11/2017
10,AVANZA,-,MHKM5FA4JHK033856,10/11/2017
11,AVANZA,-,MHKM5FA4JHK031704,10/11/2017
12,RUSH,-,MHFE2CJ3JHK134922,11/13/2017
13,AVANZA,-,MHKM5FA4JHK030436,11/14/2017
14,HILUX,-,MR0EW8BB6H0205319,11/14/2017
15,AVANZA,-,MHKM5EA4JHK022593,11/16/2017
16,CALYA,-,MHKA6GK6JHJ019714,11/18/2017
17,AVANZA,-,MHKM5EA3JHK068269,11/20/2017
18,INNOVA,-,MHFJW8EM0H2341710,11/22/2017
19,RUSH,-,MHFE2CJ3JHK128717,11/23/2017
20,CALYA,-,MHKA6GJ6JHJ060171,11/23/2017
21,HILUX,-,MR0HB3CD5H0332090,11/23/2017
22,AVANZA,-,MHKM5FA4JHK034933,11/24/2017
23,AGYA,-,MHKA4GB5JHJ005308,11/25/2017
24,AVANZA,-,MHKM5EA3JHK075688,11/25/2017
25,AVANZA,-,MHKM5EA3JHK073118,11/25/2017
26,RUSH,-,MHFE2CJ3JHK135429,11/28/2017
27,AGYA,-,MHKA4GB5JHJ004682,11/30/2017
28,CALYA ,-,MHKA6GJ6JHJ059912,12/1/2017
29,INNOVA,-,MHFJW8EM7H2337783,12/2/2017
30,INNOVA,-,MHFJW8EMXH2325563,12/3/2017
31,AVANZA,-,MHKM5EA3JHK070487,12/4/2017
32,INNOVA,-,MHFJW8EM6H2339931,8/12/2017
33,HILUX,-,MR0KS8CD1H1104956,9/12/2017
34,YARIS ,-,MHFK29F33H2014553,11/12/2017
35,CALYA,-,MHKA6GJ6JHJ061517,12/12/2017
36,AVANZA,-,MHKM5EA3JHK073429,12/12/2017
37,HILUX,-,MR0KB8CD3H1116459,12/15/2017
38,AVANZA,-,MHKM5EA2JHK029421,12/18/2017
39,AVANZA,-,MHKM5EA3JHK088604,12/19/2017
40,AVANZA,-,MHKM5FB4JHK013767,12/20/2017
41,AVANZA,-,MHKM5FA4JHK034781,12/21/2017
42,AGYA,-,MHKA4GA5JHJ004712,12/19/2017
43,CALYA,-,MHKA6GJ6JHJ060886,12/20/2017
44,YARIS,-,MHFK29F39H2016968,12/20/2017
45,AGYA,-,MHKA4GA5JHJ010195,12/21/2017
46,AVANZA,-,MHKM5EA3JHK065819,12/21/2017
47,AVANZA,-,MHKM5EA3JHK067577,12/21/2017
48,AVANZA,-,MHKM5FA4JHK035473,12/21/2017
49,INNOVA,-,MHFJW8EM1H2339707,12/21/2017
50,RUSH,-,MHFE2CJ3JHK129814,12/21/2017
51,AVANZA ,-,MHKM5FA4JHK035167,12/22/2017
52,RUSH,-,MHFE2CK3JHK046507,12/22/2017
53,AVANZA ,-,MHKM5EA3JHK089354,12/22/2017
54,AVANZA,-,MHKM5FA4JHK034873,12/23/2017
55,AVANZA,-,MHKM5FA4JHK035393,12/23/2017
56,INNOVA,-,MHFJW8EM6H2342344,12/23/2017
57,AGYA,-,MHKA4GB5JHJ005581,12/28/2017
58,AGYA,-,MHKA4GA5JHJ002431,12/28/2017
59,AVANZA,-,MHKM5FA4JHK035522,12/28/2017
60,AVANZA ,-,MHKM5FA4JHK035954,12/28/2017
61,INNOVA,-,MHFJW8EMXH2337034,12/28/2017
62,AGYA,-,MHKA4GB5JHJ005263,12/29/2017
63,AVANZA,-,MHKM5EA3JHK072440,12/29/2017
64,AVANZA ,-,MHKM5FA3JHK004959,12/29/2017
65,AVANZA,-,MHKM5FA4JHK035442,12/29/2017
66,HILUX,-,MR0HB3CD5H0332106,12/29/2017
67,AVANZA,-,MHKM5EA3JHK068026,12/30/2017
68,AVANZA,-,MHKM5EA3JHK089539,12/30/2017
69,AVANZA,-,MHKM5EA3JHK068773,12/30/2017
70,AVANZA,-,MHKM5EA4JHK021396,12/30/2017
71,AVANZA,-,MHKM5FA3JHK004997,12/30/2017
72,CALYA,-,MHKA6GJ6JHJ061599,12/30/2017
73,CALYA,-,MHKA6GJ6JHJ060109,12/30/2017
74,HILUX,-,MR0HB3CD8H0332164,12/30/2017
75,FORTUNER,-,MHFHB3FS0H0035189,12/20/2017
76,RUSH,-,MHFE2CJ3JHK130441,21/12/17
77,AVANZA,-,MHKM5EA3JHK068419,12/30/2017
78,AVANZA 1.3 VELOZ M/T,-,MHKM5EA4JKK032572,12/4/2019
79,RUSH 1.5 TRD Sportivo M/T,-,MHKE8FA3JKJ001879,12/5/2019
80,CALYA 1.2 G A/T,-,MHKA6GK6JKJ058216,12/6/2019
81,AVANZA 1.5 VELOZ M/T,-,MHKM5FA4JKK059741,12/7/2019
82,CALYA 1.2 G M/T,-,MHKA6GJ6JKJ123005,12/12/2019
83,RUSH 1.5 TRD Sportivo M/T,-,MHKE8FA3JKK039688,12/12/2019
84,RUSH 1.5 TRD Sportivo M/T,-,MHKE8FA3JKK041291,12/12/2019
85,CALYA 1.2 G M/T,-,MHKA6GJ6JKJ131528,12/13/2019
86,AVANZA 1.3 G M/T,-,MHKM5EA3JKK156631,12/16/2019
87,AVANZA 1.5 VELOZ A/T,-,MHKM5FB4JKK024816,12/16/2019
88,INNOVA BENSIN G M/T,-,MHFJW8EM9K2374342,12/16/2019
89,RUSH 1.5 TRD Sportivo M/T,-,MHKE8FA3JKK038815,12/16/2019
90,HILUX DOUBLE CABIN 2.4 DIESEL G M/T,-,MR0KB8CD9K1123018,12/17/2019
91,RUSH 1.5 TRD Sportivo M/T,-,MHKE8FA3JKJ000646,12/17/2019
92,HILUX DOUBLE CABIN 2.4 DIESEL G M/T,-,MR0KB8CD4K1122293,12/17/2019
93,HILUX PICK UP 2.5 DIESEL M/T,-,MR0ES8BB8K0065258,12/18/2019
94,HILUX PICK UP 2.0 BENSIN STD M/T,-,MR0EW8BBXK0208358,12/18/2019
95,AVANZA 1.3 G M/T,-,MHKM5EA3JKK157755,12/19/2019
96,AVANZA 1.5 VELOZ A/T,-,MHKM5FA4JKK058685,12/19/2019
97,HILUX PICK UP 2.0 BENSIN STD M/T,-,MR0EW8BB7K0208396,12/19/2019
98,AVANZA 1.5 VELOZ M/T,-,MHKM5FA4JKK059787,12/20/2019
99,AVANZA 1.3 G M/T,-,MHKM5EA3JKK152679,12/21/2019
100,AVANZA 1.3 G M/T,-,MHKM5EA3JKK156634,12/21/2019
101,AVANZA 1.5 VELOZ M/T,-,MHKM5FA4JKK059737,12/21/2019
102,CALYA 1.2 G M/T,-,MHKA6GJ6JKJ122868,12/21/2019
103,YARIS S CVT TRD,-,MHFK23F33J2054327,12/21/2019
104,AVANZA 1.5 VELOZ M/T,-,MHKM5FA4JKK060663,12/23/2019
105,CALYA 1.2 G A/T,-,MHKA6GK6JKJ058916,12/23/2019
106,AGYA 1.2 G M/T TRD,-,MHKA4GA5JKJ041127,12/24/2019
107,AVANZA 1.3 G M/T,-,MHKM5EA3JKK157129,12/24/2019
108,CALYA 1.2 G M/T,-,MHKA6GJ6JKJ130049,12/24/2019
109,AVANZA 1.5 VELOZ M/T,-,MHKM5FA4JKK060953,12/28/2019
110,HILUX DOUBLE CABIN 2.4 DIESEL V A/T,-,MR0HB3CD1K0333731,12/28/2019
111,AGYA 1.2 G A/T TRD,-,MHKA4GB5JKJ030951,12/30/2019
112,RUSH 1.5 TRD Sportivo M/T,-,MHKE8FA3JKJ005228,12/30/2019
113,AVANZA 1.3 G M/T,-,MHKM5EA3JKK159291,12/31/2019
114,AVANZA 1.5 VELOZ M/T,-,MHKM5FA4JKK060005,12/31/2019
115,AVANZA 1.5 VELOZ M/T,-,MHKM5FA4JKK060133,12/31/2019
116,AVANZA 1.5 VELOZ M/T,-,MHKM5FA4JKK060609,12/31/2019
117,CALYA 1.2 G M/T,-,MHKA6GJ6JKJ133361,12/31/2019
118,HILUX DOUBLE CABIN 2.4 DIESEL G M/T,-,MR0KB8CD8K1209534,12/31/2019
119,AVANZA 1.5 VELOZ M/T,-,MHKM5FA4JKK057652,11/5/2019
120,RUSH 1.5 TRD Sportivo A/T,-,MHKE8FB3JKK025242,11/5/2019
121,RUSH 1.5 TRD Sportivo M/T,-,MHKE8FA3JKK030717,11/7/2019
122,AVANZA 1.5 VELOZ M/T,-,MHKM5FA4JKK058433,11/8/2019
123,RUSH 1.5 TRD Sportivo M/T,-,MHKE8FA3JKK040757,11/14/2019
124,RUSH 1.5TRD Sportivo A/T,-,MHKE8FB3JKK036978,11/15/2019
125,INNOVA BENSIN,-,MHFJW8EM5K2371762,11/20/2019
126,CALYA 1.2,-,MHKA6GJ6JKJ122119,11/21/2019
127,INNOVA BENSIN,-,MHFJW8EM4K2372496,11/21/2019
128,HILUX DOUBLE CABIN 2.4 DIESEL,-,MR0KB8CD1J1120239,11/22/2019
129,RUSH 1.5,-,MHKE8FB3JKJ002203,11/22/2019
130,CALYA 1.2,-,MHKA6GJ6JKJ125778,11/23/2019
131,AGYA 1.2,-,MHKA4GA5JKJ039782,11/26/2019
132,AVANZA 1.3,-,MHKM5EA3JKK136022,11/27/2019
133,AGYA 1.2,-,MHKA4GA5JJJ015334,11/28/2019
134,FORTUNER 4X4 DIESEL,-,MHFHB3FS8K0036372,11/28/2019
135,HILUX DOUBLE CABIN 2.4 DIESEL,-,MR0KB8CD1K1122283,11/28/2019
136,RUSH 1.5,-,MHKE8FB3JKK028895,11/28/2019
137,AVANZA 1.5,-,MHKM5FA4JKK059605,11/29/2019
138,HIACE COMMUTER,-,JTFSS22P1K0187803,11/29/2019
139,HILUX DOUBLE CABIN 2.4 DIESEL,-,MR0KB8CD8K1122314,11/29/2019
140,YARIS S,-,MHFK23F39K2073742,11/29/2019
141,"AVANZA 1.3 G M/T
",-,MHKM5EA3JKK155699,11/30/2019
142,CALYA 1.2 G M/T,-,MHKA6GJ6JKJ107268,10/9/2019
143,RUSH 1.5 TRD Sportivo M/T,-,MHKE8FA3JKJ000166,10/9/2019
144,AVANZA 1.3 G M/T,-,MHKM5EA3JKK135178,10/12/2019
145,FORTUNER 4X2 DIESEL VRZ A/T TRD,-,MHFGB8GS4K0897717,10/12/2019
146,AGYA 1.2 G M/T TRD,-,MHKA4GA5JKJ037976,10/22/2019
147,INNOVA BENSIN G M/T,-,MHFJW8EM4K2369758,10/22/2019
148,INNOVA BENSIN G M/T,-,MHFJW8EM5K2365847,10/25/2019
149,INNOVA BENSIN G M/T,-,MHFJW8EM5K2367968,10/25/2019
150,INNOVA BENSIN G M/T,-,MHFJW8EM1K2372584,10/25/2019
151,AVANZA 1.5 VELOZ M/T,-,MHKM5FA4JKK055557,10/29/2019
152,AVANZA 1.5 VELOZ A/T,-,MHKM5FB4JKK025953,10/30/2019
153,AVANZA 1.5 VELOZ M/T,-,MHKM5FA4JKK055846,10/30/2019
154,INNOVA BENSIN G M/T,-,MHFJW8EM3K2372330,10/30/2019
155,YARIS S CVT TRD,-,MHFK23F3XJ2050551,10/30/2019
156,CALYA 1.2 G M/T,-,MHKA6GJ6JKJ105708,10/31/2019
157,VOXY A/T,-,JT7X2RB80K7015333,9/2/2019
158,HILUX PICK UP 2.0 BENSIN STD M/T,-,MR0EW8BB8K0207791,9/5/2019
159,AGYA 1.2 G M/T TRD,-,MHKA4GA5JKJ032855,9/5/2019
160,CALYA 1.2 G M/T,-,MHKA6GJ6JKJ122467,9/6/2019
161,AVANZA,-,MHKM5EA3JKK146851,9/10/2019
162,AVANZA,-,MHKM5FA4JKK055824,9/11/2019
163,INNOVA,-,MHFJW8EM7K2371004,9/11/2019
164,RUSH,-,MHKE8FA3JKK033038,9/13/2019
165,AVANZA 1.5 VELOZ M/T,-,MHKM5FA4JKK055668,9/18/2019
166,AGYA 1.2 G M/T TRD,-,MHKA4GA5JKJ032210,9/19/2019
167,AVANZA 1.3 G M/T,-,MHKM5EA3JKK138932,9/19/2019
168,AVANZA 1.3 G M/T,-,MHKM5EA3JKK133550,9/20/2019
169,HILUX DOUBLE CABIN 2.4 DIESEL G M/T,-,MR0KB8CD8J1120030,9/21/2019
170,RUSH 1.5 TRD Sportivo M/T,-,MHKE8FA3JKK038157,9/25/2019
171,AGYA 1.2 G M/T TRD,-,MHKA4GA5JKJ031178,9/26/2019
172,INNOVA DIESEL VENTURER A/T,-,MHFAB3EM4K0013840,9/28/2019
173,SIENTA 1.5 V CVT,-,MHFZ28H3XJ0056919,9/28/2019
174,AVANZA 1.5 VELOZ M/T,-,MHKM5FA4JKK055125,9/30/2019
175,AVANZA 1.5 VELOZ M/T,-,MHKM5FA4JKK054825,8/2/2019
176,INNOVA BENSIN G M/T,-,MHFJW8EM4K2370926,8/3/2019
177,RUSH 1.5 TRD Sportivo A/T,-,MHKE8FB3JKK027780,8/6/2019
178,AVANZA 1.5 VELOZ M/T,-,MHKM5FA4JKK054577,8/10/2019
179,RUSH 1.5 TRD Sportivo M/T,-,MHKE8FA3JKK032514,8/13/2019
180,AVANZA 1.3 G M/T,-,MHKM5EA3JKK129926,8/14/2019
181,RUSH 1.5 TRD Sportivo M/T,-,MHKE8FA3JKK031999,8/14/2019
182,AVANZA 1.5 VELOZ M/T,-,MHKM5FA4JKK053647,8/15/2019
183,HILUX EXTRA CABIN 4X4 E M/T,-,MR0DB8CC7K4170594,8/22/2019
184,RUSH 1.5 TRD Sportivo A/T,-,MHKE8FB3JKK028045,8/22/2019
185,RUSH 1.5 TRD Sportivo A/T,-,MHKE8FB3JKK028421,8/23/2019
186,AGYA 1.2 G A/T TRD,-,MHKA4GB5JKJ026402,8/27/2019
187,INNOVA BENSIN G M/T,-,MHFJW8EM5K2369204,8/28/2019
188,RUSH 1.5 TRD Sportivo A/T,-,MHKE8FB3JJK011076,8/28/2019
189,AGYA ,-,MHKA4GA5JKJ034091,7/4/2019
190,YARIS,-,MHFK23F39K2056617,7/4/2019
191,RUSH ,-,MHKE8FA3JKK034181,7/18/2019
192,RUSH ,-,MHKE8FA3JKK032876,7/19/2019
193,CALYA ,-,MHKA6GJ6JKJ111996,7/22/2019
194,FORTUNER,-,MHFGB8GS0J0886471,7/22/2019
195,AGYA 1.2 G A/T TRD,-,MHKA4GB5JKJ025576,7/27/2019
196,HILUX PICK UP 2.0 BENSIN STD M/T,-,MR0EW8BB2K0207978,7/27/2019
197,AVANZA 1.5 VELOZ M/T,-,MHKM5FA4JKK054786,7/29/2019
198,AVANZA 1.3 G M/T,-,MHKM5EA3JKK140657,7/30/2019
199,HILUX DOUBLE CABIN 2.4 DIESEL G M/T,-,MR0KB8CD6J1207912,7/30/2019
200,INNOVA G M/T,-,MHFJW8EMXK2369764,7/30/2019
201,AVANZA 1.3 G M/T,-,MHKM5EA3JKK141542,7/31/2019
202,AVANZA 1.5 VELOZ M/T,-,MHKM5FA4JKK054602,7/31/2019
203,CALYA 1.2 G AT,-,MHKA6GK6JKJ051451,7/31/2019
204,RUSH 1.5 TRD Sportivo M/T,-,MHKE8FA3JKK034707,7/31/2019
205,AGYA,-,MHKA4GA5JKJ029910,6/4/2019
206,AVANZA ,-,MHKM5FA4JKK053075,6/11/2019
207,AVANZA ,-,MHKM5FA4JKK053760,6/13/2019
208,RUSH ,-,MHKE8FB3JKK025587,6/13/2019
209,AGYA,-,MHKA4GA5JKJ033219,6/14/2019
210,CALYA,-,MHKA6GJ6JKJ109652,6/14/2019
211,CALYA ,-,MHKA6GJ6JKJ104811,6/18/2019
212,RUSH ,-,MHKE8FB3JKK027311,6/18/2019
213,CALYA ,-,MHKA6GJ6JKJ110969,6/19/2019
214,AVANZA ,-,MHKM5EA3JKK138331,6/20/2019
215,CALYA ,-,MHKA6GJ6JKJ113263,6/21/2019
216,AVANZA,-,MHKM5FA4JKK050966,6/22/2019
217,AVANZA ,-,MHKM5FA4JKK053926,6/22/2019
218,CALYA ,-,MHKA6GK6JJJ045870,6/22/2019
219,CALYA ,-,MHKA6GJ6JKJ113827,6/24/2019
220,AGYA ,-,MHKA4GB5JKJ024499,6/25/2019
221,HILUX,-,MR0KB8CDXK1121309,6/25/2019
222,AGYA,-,MHKA4GB5JKJ024843,6/27/2019
223,YARIS,-,MHFK23F32K2055650,6/27/2019
224,AVANZA ,-,MHKM5FA4JKK054214,6/28/2019
225,RUSH ,-,MHKE8FB3JKK026018,6/28/2019
226,AGYA,-,MHKA4GA5JKJ032823,6/29/2019
227,AVANZA ,-,MHKM5EA3JKK138423,6/29/2019
228,AVANZA ,-,MHKM5FA4JKK054029,6/29/2019
229,AVANZA ,-,MHKM5FA4JKK054208,6/29/2019
230,CALYA ,-,MHKA6GJ6JKJ111169,6/29/2019
231,CALYA ,-,MHKA6GJ6JKJ111055,6/29/2019
232,INNOVA ,-,MHFJW8EM8K2370427,6/30/2019
233,AVANZA ,-,MHKM5EA3JKK135746,5/7/2019
234,AVANZA,-,MHKM5EA3JKK130415,5/14/2019
235,RUSH,-,MHKE8FA3JKK030491,5/14/2019
236,AVANZA ,-,MHKM5EA3JKK134685,5/15/2019
237,INNOVA,-,MHFJW8EM1K2369250,5/15/2019
238,INNOVA,-,MHFAW8EM2K0212726,5/16/2019
239,AVANZA,-,MHKM5EA3JKK132324,5/17/2019
240,AVANZA ,-,MHKM5FA4JKK051414,5/20/2019
241,CALYA,-,MHKA6GJ6JKJ107696,5/20/2019
242,CALYA ,-,MHKA6GJ6JKJ111211,5/21/2019
243,RUSH ,-,MHKE8FA3JKK031134,5/23/2019
244,AVANZA ,-,MHKM5FA4JKK052332,5/24/2019
245,RUSH ,-,MHKE8FB3JKK025992,5/24/2019
246,AVANZA ,-,MHKM5EA4JKK030360,5/28/2019
247,INNOVA ,-,MHFJW8EMXK2369392,5/28/2019
248,INNOVA ,-,MHFJW8EM1K2369345,5/28/2019
249,HILUX,-,MR0EW8BB0K0207980,5/29/2019
250,AVANZA,-,MHKM5EA3JKK134385,5/31/2019
251,AVANZA,-,MHKM5EA3JKK137396,5/31/2019
252,AVANZA ,-,MHKM5EA3JKK136235,5/31/2019
253,CALYA ,-,MHKA6GJ6JKJ103159,5/31/2019
254,CALYA ,-,MHKA6GJ6JKJ107611,5/31/2019
255,INNOVA,-,MHFJW8EM3K2370755,5/31/2019
256,RUSH,-,MHKE8FA3JKK027003,5/31/2019
257,CALYA ,-,MHKA6GJ6JKJ112581,4/16/2019
258,RUSH ,-,MHKE8FB3JKK024602,4/16/2019
259,RUSH ,-,MHKE8FA3JKK026573,4/18/2019
260,HILUX,-,MR0EW8BB7J0207585,4/18/2019
261,AGYA,-,MHKA4GA5JKJ030175,4/24/2019
262,AGYA,-,MHKA4GB5JKJ022975,4/25/2019
263,HILUX,-,MR0EW8BB9K0207685,4/26/2019
264,INNOVA,-,MHFGW8EM8K1026502,4/26/2019
265,RUSH,-,MHKE8FA3JKK028552,4/26/2019
266,AGYA,-,MHKA4GA5JKJ032156,4/27/2019
267,AVANZA,-,MHKM5EA3JKK134754,4/30/2019
268,AVANZA ,-,MHKM5FA4JKK050155,4/30/2019
269,INNOVA,-,MHFJW8EM4K2369033,4/30/2019
270,INNOVA ,-,MHFJW8EM9K2368993,4/30/2019
271,RUSH,-,MHKE8FA3JJK023037,4/30/2019
272,AVANZA,-,MHKM5EA3JKK129736,3/8/2019
273,INNOVA,-,MHFJW8EM9J2363291,3/9/2019
274,INNOVA,-,MHFJW8EM6K2366487,3/14/2019
275,AVANZA,-,MHKM5EA3JKK133463,3/15/2019
276,INNOVA,-,MHFGW8EM9K1025262,3/16/2019
277,AGYA,-,MHKA4GA5JJJ021776,3/19/2019
278,CALYA,-,MHKA6GK6JJJ045487,3/21/2019
279,AGYA,-,MHKA4GA5JKJ030756,3/23/2019
280,AVANZA ,-,MHKM5FA4JKK049988,3/25/2019
281,FORTUNER,-,MHFJB8GS4K1563414,3/26/2019
282,INNOVA,-,MHFJW8EM8K2368466,3/26/2019
283,RUSH,-,MHKE8FA3JKK025348,3/26/2019
284,AGYA,-,MHKA4GA5JJJ021862,3/28/2019
285,FORTUNER,-,MHFGX8GSXJ0504772,3/28/2019
286,RUSH,-,MHKE8FB3JKK022968,3/28/2019
287,HILUX,-,MR0KB8CD8J1119685,3/29/2019
288,HILUX,-,MR0EW8BB2J0207574,3/29/2019
289,AVANZA,-,MHKM5FA4JKK049683,3/30/2019
290,AGYA,-,MHKA4GA5JKJ030243,3/30/2019
291,HILUX,-,MR0EW8BB5J0207410,3/30/2019
292,YARIS,-,MHFK23F32J2040855,3/30/2019
293,INNOVA,-,MHFAW8EM4K0212372,2/9/2019
294,YARIS,-,MHFK23F30K2056277,2/9/2019
295,AVANZA,-,MHKM5EA3JJK127042,2/11/2019
296,AVANZA ,-,MHKM5FA4JKK048960,2/11/2019
297,RUSH ,-,MHKE8FA3JJK017120,2/11/2019
298,AVANZA ,-,MHKM5FA4JJK048679,2/13/2019
299,RUSH ,-,MHKE8FA2JJK005190,2/13/2019
300,AGYA ,-,MHKA4DA3JHJ114854,2/14/2019
301,AVANZA,-,MHKM5EA3JJK126910,2/16/2019
302,INNOVA,-,MHFJW8EM4K2365516,2/16/2019
303,AVANZA,-,MHKM5EA3JKK129697,2/20/2019
304,INNOVA,-,MHFJW8EM6K2366358,2/20/2019
305,RUSH,-,MHKE8FA2JJK003607,2/22/2019
306,AVANZA ,-,MHKM5FA4JKK049494,2/25/2019
307,CALYA ,-,MHKA6GJ6JKJ107226,2/25/2019
308,AVANZA ,-,MHKM5EA3JJK128252,2/26/2019
309,AGYA,-,MHKA4GA5JKJ029958,2/27/2019
310,AVANZA ,-,MHKM5FA4JKK049041,2/27/2019
311,CALYA ,-,MHKA6GJ6JJJ071831,2/27/2019
312,INNOVA ,-,MHFJW8EM4K2365693,2/27/2019
313,YARIS ,-,MHFK23F30J2053698,2/27/2019
314,AGYA ,-,MHKA4GB5JKJ020927,2/28/2019
315,AVANZA ,-,MHKM5EA3JKK133891,2/28/2019
316,CALYA ,-,MHKA6GJ6JKJ104528,2/28/2019
317,INNOVA ,-,MHFJW8EM9K2366435,2/28/2019
318,INNOVA,-,MHFGW8EMXJ1024314,2/28/2019
319,HILUX,-,MR0EW8BB2J0207297,1/5/2019
320,AGYA,-,MHKA4GB5JJJ018375,1/10/2019
321,AGYA,-,MHKA4GA5JJJ023097,1/12/2019
322,AVANZA ,-,MHKM5FA4JJK047985,1/15/2019
323,AVANZA ,-,MHKM5FA4JJK048126,1/16/2019
324,AGYA ,-,MHKA4GB5JJJ019936,1/18/2019
325,RUSH,-,MHKE8FA3JJK018043,1/21/2019
326,AGYA ,-,MHKA4GA5JJJ021422,1/22/2019
327,AVANZA ,-,MHKM5FA4JJK048027,1/22/2019
328,AVANZA ,-,MHKM5EA3JJK127876,1/23/2019
329,RUSH,-,MHKE8FA3JJK022286,1/25/2019
330,AGYA ,-,MHKA4GA5JJJ012365,1/28/2019
331,AVANZA ,-,MHKM5EA3JJK128218,1/28/2019
332,AVANZA ,-,MHKM5EA3JJK119034,1/28/2019
333,AVANZA ,-,MHKM5EA3JJK127923,1/29/2019
334,CALYA ,-,MHKA6GJ6JHJ061546,1/29/2019
335,YARIS ,-,MHFK23F38J2052704,1/29/2019
336,FORTUNER ,-,MHFGB8GS8J0885746,1/30/2019
337,AVANZA ,-,MHKM5EA3JJK128651,1/31/2019
338,CALYA ,-,MHKA6GJ6JJJ091244,1/31/2019
339,CALYA ,-,MHKA6GJ6JJJ091782,1/31/2019
340,HILUX,-,MR0EW8BB4J0207396,1/31/2019
341,INNOVA,-,MHFJW8EM2J2364640,1/31/2019
342,RUSH ,-,MHKE8FA3JJK016998,1/31/2019
343,RUSH ,-,MHKE8FA3JJK015532,1/31/2019
344,RUSH 1.5,3SZ - DFY8695,MHFE2CJ3JGK118268,10/5/2016
345,HILUX PICK UP 2.5 DIESEL,2KD - U906840,MR0ES8BB8G0061959,10/6/2016
346,INNOVA BENSIN,1TR - A163158,MHFJW8EM6G2315272,10/6/2016
347,AVANZA 1.3,1NR - F166148,MHKM5EA3JGK026043,10/11/2016
348,AGYA 1.0,1KR - A278710,MHKA4DA3JGJ089518,10/12/2016
349,CALYA 1.2,3NR-H028324,MHKA6GJ6JGJ008159,10/12/2016
350,FORTUNER 4X4 DIESEL,2GD - C069903,MHFHB3FS3G0034469,10/13/2016
351,YARIS S,1NZ - Z445591,MHFKT9F34G6086270,10/13/2016
352,RUSH 1.5,3SZ - DFZ1600,MHFE2CJ3JGK118854,10/14/2016
353,CALYA 1.2,3NR - H024965,MHKA6GJ6JGJ006977,10/15/2016
354,RUSH 1.5,3SZ - DFZ2963,MHFE2CJ3JGK119044,10/15/2016
355,AVANZA 1.5,2NR - F567650,MHKM5FA4JGK019947,10/19/2016
356,AVANZA 1.3,1NR - F167751,MHKM5EA3JGK026521,10/20/2016
357,HILUX DOUBLE CABIN 2.5 DIESEL,2KD - U914984,MR0KS8CD1G1103188,10/20/2016
358,CALYA 1.2,3NR - H018274,MHKA6GK6JGJ004472,10/20/2016
359,AVANZA 1.5,2NR - F564696,MHKM5FA4JGK019268,10/21/2016
360,INNOVA BENSIN,1TR - A176615,MHFJW8EM0G2317065,10/21/2016
361,RUSH 1.5,3SZ - DFZ3030,MHFE2CJ3JGK119016,10/21/2016
362,AVANZA 1.5,2NR - F564812,MHKM5FA3JGK002795,10/22/2016
363,INNOVA BENSIN,1TR - A161077,MHFJW8EMXG2314934,10/22/2016
364,AVANZA 1.5,2NR - F565238,MHKM5FA4JGK019348,10/22/2016
365,INNOVA BENSIN,1TR - A147303,MHFGW8EM9G1007108,10/22/2016
366,AGYA 1.0,1KR - A311483,MHKA4DA3JGJ098519,10/24/2016
367,AVANZA 1.5,2NR - F566226,MHKM5FA3JGK002854,10/24/2016
368,YARIS S,1NZ - Z457918,MHFKT9F30G6088873,10/24/2016
369,RUSH 1.5,3SZ - DFZ4429,MHFE2CJ3JGK119424,10/24/2016
370,INNOVA BENSIN,1TR - A152114,MHFJW8EM5G2313903,10/27/2016
371,INNOVA BENSIN,1TR - A184252,MHFAW8EM0G0204180,10/28/2016
372,INNOVA BENSIN,1TR - A158202,MHFGW8EM0G1007630,10/28/2016
373,HILUX EXTRA CABIN 2.5 DIESEL,2KD - U808138,MR0DS8CC7F0230502,10/29/2016
374,AVANZA 1.3,1NR-F177474.,MHKM5EA3JGK029930.,10/29/2016
375,AVANZA 1.3,1NR - F174152,MHKM5EA3JGK028785,10/31/2016
376,AVANZA 1.5,2NR - F565010,MHKM5FA4JGK019337,10/31/2016
377,AVANZA 1.3,1NR - F174311,MHKM5EA3JGK028755,10/31/2016
378,AVANZA 1.5,2NR - F563200,MHKM5FA3JGK002732,10/31/2016
379,AVANZA 1.5,2NR-F568855.,MHKM5FA3JGK002933.,10/31/2016
380,CALYA 1.2,3NR-H039616,MHKA6GJ6JGJ012657,10/31/2016
381,AGYA 1.0,1KR - A306242,MHKA4DA3JGJ097023,10/31/2016
382,HILUX DOUBLE CABIN 2.5 DIESEL,2KD-U923813,MR0KS8CD1G1035216,10/31/2016
383,AVANZA 1.5,-,MHKM5FB4JGK008843,11/1/2016
384,AVANZA 1.5,-,MHKM5FA3JGK002829,11/2/2016
385,AVANZA 1.5,-,MHKM5FA4JGK020351,11/2/2016
386,AVANZA 1.3,-,MHKM5EA3JGK028752,11/4/2016
387,SIENTA 1.5,-,MHFZ28H33G0012608,11/7/2016
388,AGYA 1.0,-,MHKA4DB3JGJ064719,11/8/2016
389,AGYA 1.0,-,MHKA4DA3JGJ092473,11/9/2016
390,AVANZA 1.3,-,MHKM5EA4JGK014884,11/11/2016
391,INNOVA BENSIN,-,MHFJW8EM1G2320198,11/12/2016
392,CALYA 1.2,-,MHKA6GJ6JGJ013980,11/12/2016
393,AVANZA 1.3,-,MHKM5EA3JGK028300,11/12/2016
394,CALYA 1.2,-,MHKA6GJ6JGJ012813,11/12/2016
395,AGYA 1.0,-,MHKA4DA3JGJ085996,11/14/2016
396,AGYA 1.0,-,MHKA4DA3JGJ089661,11/17/2016
397,INNOVA BENSIN,-,MHFGW8EM5G1006988,11/21/2016
398,AVANZA 1.3,-,MHKM5EA3JGK028895,11/21/2016
399,INNOVA BENSIN,-,MHFJW8EM0G2319866,11/21/2016
400,RUSH 1.5,-,MHFE2CJ3JGK119364,11/22/2016
401,FORTUNER 4X2 DIESEL,-,MHFGB8GS9G0821756,11/23/2016
402,RUSH 1.5,-,MHFE2CJ3JGK119464,11/23/2016
403,CALYA 1.2,-,MHKA6GJ6JGJ011492,11/24/2016
404,RUSH 1.5,-,MHFE2CK3JGK039587,11/24/2016
405,AVANZA 1.3,-,MHKM5EA3JGK032979,11/24/2016
406,INNOVA BENSIN,-,MHFGW8EM2G1007497,11/25/2016
407,CALYA 1.2,-,MHKA6GJ6JGJ016617,11/26/2016
408,AVANZA 1.3,-,MHKM5EA3JGK032671,11/28/2016
409,ETIOS E,-,MHFK39BT9G2029995,11/29/2016
410,AVANZA 1.3,-,MHKM5EA3JGK033440,11/29/2016
411,INNOVA BENSIN,-,MHFGW8EM7G1007365.,11/29/2016
412,AVANZA 1.5,-,MHKM5FA4JGK021520,11/29/2016
413,AVANZA 1.5,-,MHKM5FA3JGK002551,11/30/2016
414,AVANZA 1.3,-,MHKM5EA3JGK028350,11/30/2016
415,DYNA,-,MHFC1JU43G5143505,12/5/2016
416,RUSH,-,MHFE2CJ3JGK122012,12/10/2016
417,CALYA,-,MHKA6GJ6JGJ016187,12/13/2016
418,AGYA,-,MHKA4DA3JGJ086798,12/13/2016
419,FORTUNER,-,MHFGB8GS5G0828137,12/14/2016
420,AGYA,-,MHKA4DA3JGJ090248,12/15/2016
421,RUSH,-,MHFE2CJ2JGK056096,12/17/2016
422,AVANZA,-,MHKM5EA3JGK036240,12/17/2016
423,FORTUNER,-,MHFKB8FS9G0086191,12/19/2016
424,AGYA,-,MHKA4DA3JGJ093285,12/20/2016
425,DYNA,-,MHFC1JU43G5147107,12/20/2016
426,YARIS,-,MR054HY91C46XXXXX,3/1/2013
427,RUSH,-,MHFE2CJ3JGK124135,12/21/2016
428,CALYA ,-,MHKA6GJ6JGJ018374,12/21/2016
429,AVANZA,-,MHKM5EA3JGK034263,12/21/2016
430,AVANZA,-,MHKM5FA4JGK020935,12/22/2016
431,AVANZA,-,MHKM5EA3JGK037366,12/23/2016
432,AVANZA,-,MHKM5EA3JGK037842,12/23/2016
433,AVANZA,-,MHKM5EA3JGK036272,12/23/2016
434,AVANZA,-,MHKM5EA3JGK033490,12/24/2016
435,RUSH,-,MHFE2CJ3JGK123857,12/28/2016
436,RUSH,-,MHFE2CJ3JGK122423,12/28/2016
437,ETIOS,-,MHFK39BT1G2031269,12/28/2016
438,AVANZA,-,MHKM5EA3JGK041971,12/30/2016
439,AVANZA,-,MHKM5FA4JGK022252,12/30/2016
440,HILUX,-,MR0EW8BB5G0203446,12/30/2016
441,AVANZA,-,MHKM5FA4JGK022411,12/31/2016
442,RUSH,-,MHFE2CJ3JGK122580,12/31/2016
443,INNOVA,-,MHFJW8EM3G2322633,12/31/2016
444,AVANZA,-,MHKM5EA3JGK037677,12/31/2016
445,RUSH,-,MHFE2CJ3JGK122059,12/31/2016
446,AVANZA,-,MHKM5EA3JGK037552,12/31/2016
447,INNOVA,-,MHFJW8EM4G2321975,12/31/2016
448,CALYA 1.2 G M/T,-,MHKA6GJ6JKJ135230,2/7/2020
449,CALYA 1.2 G M/T,-,MHKA6GJ6JKJ133987,2/11/2020
450,RUSH 1.5 TRD Sportivo M/T,-,MHKE8FA3JLJ006481,2/12/2020
451,RUSH 1.5 TRD Sportivo M/T,-,MHKE8FA3JLK043660,2/12/2020
452,RUSH 1.5 TRD Sportivo M/T,-,MHKE8FA3JLJ006107,2/13/2020
453,DYNA 130 HT Hi FG P/S,-,MJEC1JU43J5167447,2/14/2020
454,AVANZA 1.5 VELOZ M/T,-,MHKM5FA4JLK062214,2/17/2020
455,CALYA 1.2 G M/T,-,MHKA6GJ6JKJ129945,2/17/2020
456,AVANZA 1.3 VELOZ M/T,-,MHKM5EA4JKK034541,2/19/2020
457,CALYA 1.2 G M/T,-,MHKA6GJ6JKJ135353,2/19/2020
458,INNOVA BENSIN G M/T,-,MHFJW8EM3L2379862,2/19/2020
459,RUSH 1.5 TRD Sportivo M/T,-,MHKE8FA3JLK043863,2/19/2020
460,RUSH 1.5 TRD Sportivo M/T,-,MHKE8FA3JLJ007538,2/22/2020
461,AVANZA 1.3 G M/T,-,MHKM5EA3JLK162812,2/24/2020
462,HILUX PICK UP 2.5 DIESEL M/T,-,MR0ES8BB2K0065191,2/24/2020
463,INNOVA BENSIN G M/T,-,MHFJW8EM9L2379932,2/25/2020
464,HILUX DOUBLE CABIN 2.4 DIESEL V A/T,-,MR0HB3CD2L0333822,2/27/2020
465,INNOVA BENSIN G M/T,-,MHFJW8EM6L2379953,2/28/2020
466,INNOVA BENSIN VENTURER M/T,-,MHFAW8EM3L0214874,2/28/2020
467,AVANZA 1.3 G M/T,-,MHKM5EA3JLK164311,2/29/2020
468,AVANZA 1.5 VELOZ M/T,-,MHKM5FA4JLK062330,2/29/2020
469,AVANZA 1.5 VELOZ M/T,-,MHKM5FA4JLK062615,2/29/2020
470,INNOVA G A/T,-,MHFJW8EM3L2379599,2/29/2020
471,INNOVA BENSIN V M/T,-,MHFGW8EM0L1029959,2/29/2020
472,AVANZA 1.5 VELOZ M/T,-,MHKM5FA4JLK062516,3/6/2020
473,AVANZA 1.3 G M/T,-,MHKM5EA3JLK165033,3/7/2020
474,RUSH 1.5 TRD Sportivo M/T,-,MHKE8FA3JLJ007817,3/12/2020
475,AVANZA 1.5 VELOZ M/T,-,MHKM5FA4JLK062916,3/13/2020
476,CALYA 1.2 G A/T,-,MHKA6GK6JLJ602580,3/13/2020
477,YARIS S M/T TRD,-,MHFK23F34L2097657,3/13/2020
478,RUSH 1.5 TRD Sportivo A/T,-,MHKE8FB3JLJ006926,3/14/2020
479,RUSH 1.5 TRD Sportivo A/T,-,MHKE8FB3JLJ006887,3/16/2020
480,RUSH 1.5 TRD Sportivo A/T,-,MHKE8FB3JLJ006022,3/16/2020
481,RUSH 1.5 TRD Sportivo M/T,-,MHKE8FA3JLJ008359,3/17/2020
482,INNOVA BENSIN G M/T,-,MHFJW8EM6L2380875,3/18/2020
483,INNOVA BENSIN V M/T,-,MHFGW8EM7L1030199,3/19/2020
484,INNOVA BENSIN G M/T,-,MHFJW8EMXL2380068,3/20/2020
485,RUSH 1.5 TRD Sportivo M/T,-,MHKE8FA3JLJ008597,3/20/2020
486,AVANZA 1.5 VELOZ M/T,-,MHKM5FA4JLK063386,3/23/2020
487,AVANZA 1.3 G M/T,-,MHKM5EA3JKK160464,3/30/2020
488,AVANZA 1.3 G M/T,-,MHKM5EA3JLK166726,3/31/2020
489,FORTUNER 4X2 DIESEL VRZ A/T TRD,-,MHFGB8GSXL0911878,3/31/2020
490,RUSH 1.5 TRD Sportivo M/T,-,MHKE8FA3JLJ008465,4/2/2020
491,CALYA 1.2 G M/T,-,MHKA6GJ6JLJ606453,4/6/2020
492,AGYA 1.2 G A/T TRD,-,MHKA4GB5JKJ029738,4/9/2020
493,RUSH 1.5 TRD Sportivo A/T,-,MHKE8FB3JKJ004934,4/9/2020
494,RUSH 1.5 TRD Sportivo M/T,-,MHKE8FA3JLJ008195,4/11/2020
495,AVANZA 1.5 VELOZ M/T,-,MHKM5FA4JLK063373,4/14/2020
496,FORTUNER 4X2 DIESEL VRZ A/T,-,MHFGB8GS2L0908442,4/16/2020
497,AVANZA 1.3 G M/T,-,MHKM5EA3JLK165949,4/17/2020
498,INNOVA BENSIN V M/T,-,MHFGW8EM8L1030647,4/17/2020
499,AVANZA 1.5 VELOZ M/T,-,MHKM5FA4JLK063600,4/18/2020
500,RUSH 1.5 TRD Sportivo A/T,-,MHKE8FB3JLJ008587,4/21/2020
501,RUSH 1.5 TRD Sportivo M/T,-,MHKE8FA3JLJ009700,4/21/2020
502,CALYA 1.2 G M/T,-,MHKA6GJ6JLJ605849,4/29/2020
503,HILUX DOUBLE CABIN 2.4 DIESEL G M/T,-,MR0KB8CD4L1210553,4/29/2020
504,RUSH 1.5 TRD Sportivo M/T,-,MHKE8FA3JLJ009403,4/30/2020
505,RUSH 1.5 TRD Sportivo M/T,-,MHKE8FA3JLK044436,5/5/2020
506,AVANZA 1.3 VELOZ A/T,-,MHKM5EB4JKK012522,5/6/2020
507,AVANZA 1.5 VELOZ M/T,-,MHKM5FA4JLK064217,5/9/2020
508,AVANZA 1.5 VELOZ M/T,-,MHKM5FA4JLK064721,5/11/2020
509,AVANZA 1.5 VELOZ M/T,-,MHKM5FA4JLK063417,5/13/2020
510,YARIS S M/T TRD,-,MHFK23F38L2106408,5/16/2020
511,YARIS S CVT TRD,-,MHFK23F36L2107458,5/18/2020
512,RUSH 1.5 TRD Sportivo M/T,-,MHKE8FA3JLJ009777,5/19/2020
513,AGYA 1.2 G M/T TRD,-,MHKA4GA5JLJ044773,5/28/2020
514,AVANZA 1.5 VELOZ M/T,-,MHKM5FA4JLK063788,6/8/2020
515,CALYA 1.2 G A/T,-,MHKA6GK6JLJ602472,6/17/2020
516,AVANZA 1.3 G M/T,-,MHKM5EA3JLK167133,6/19/2020
517,CALYA 1.2 G M/T,-,MHKA6GJ6JLJ605968,6/20/2020
518,CALYA 1.2 G A/T,-,MHKA6GK6JLJ603456,6/22/2020
519,AGYA 1.2 G M/T TRD,-,MHKA4GA5JLJ045631,6/23/2020
520,CALYA 1.2 G M/T,-,MHKA6GJ6JLJ605783,7/9/2020
521,AGYA 1.2 G A/T TRD,-,MHKA4GB5JLJ033920,7/21/2020
522,INNOVA BENSIN V M/T,-,MHFGW8EM7L1030719,7/21/2020
523,CALYA 1.2 G M/T,-,MHKA6GJ6JLJ606894,7/23/2020
524,AVANZA 1.5 VELOZ A/T,-,MHKM5FB4JLK027523,7/28/2020
525,HILUX DOUBLE CABIN 2.4 DIESEL G M/T,-,MR0KB8CD4L1210570,7/28/2020
526,RUSH 1.5 TRD Sportivo M/T,-,MHKE8FA3JLK044782,7/28/2020
527,CALYA 1.2 G A/T,-,MHKA6GK6JLJ060535,7/29/2020
528,AVANZA 1.5 VELOZ M/T,-,MHKM5FA4JLK062837,8/8/2020
529,AVANZA 1.3 VELOZ M/T,-,MHKM5EA4JLK036169,8/14/2020
530,FORTUNER 4X2 DIESEL VRZ A/T TRD,-,MHFGB8GSXL0913811,8/14/2020
531,AVANZA 1.5 VELOZ M/T,-,MHKM5FA4JLK064862,8/26/2020
532,AVANZA 1.5 VELOZ M/T,-,MHKM5FA4JLK064839,8/26/2020
533,AGYA 1.2 G M/T TRD,-,MHKA4GA5JLJ042665,8/31/2020
534,INNOVA BENSIN G M/T,-,MHFJW8EM6L2383422,9/4/2020
535,CALYA 1.2 G M/T,-,MHKA6GJ6JLJ606148,9/10/2020
536,AVANZA 1.3 G M/T,-,MHKM5EA3JLK166817,9/11/2020
537,AVANZA 1.5 VELOZ M/T,-,MHKM5FA4JLK064159,9/21/2020
538,AVANZA 1.3 G M/T,-,MHKM5EA3JLK166956,9/23/2020
539,RUSH 1.5 TRD Sportivo M/T,-,MHKE8FA3JLJ010139,9/23/2020
540,RUSH 1.5 TRD Sportivo M/T,-,MHKE8FA3JLJ010234,9/24/2020
541,AVANZA 1.3 G M/T,-,MHKM5EA3JLK166304,9/30/2020
542,AVANZA 1.3 G M/T,-,MHKM5EA3JLK166734,9/30/2020
543,AGYA 1.2 ,-,MHKA4GA5JLJ046932,10/9/2020
544,CALYA 1.2 ,-,MHKA6GJ6JLJ608674,10/9/2020
545,FORTUNER 4X2 DIESEL VRZ A/T,-,MHFGB8GS2L0914550,10/12/2020
546,RUSH 1.5 TRD Sportivo M/T,-,MHKE8FA3JLJ012951,10/24/2020
547,RUSH 1.5 TRD Sportivo A/T,-,MHKE8FB3JLJ011104,10/27/2020
548,CALYA 1.2,-,MHKA6GJ6JLJ608942,10/30/2020
549,RUSH 1.5,-,MHKE8FB3JLJ011808,11/4/2020
550,AGYA 1.2,-,MHKA4GB5JLJ035618,11/5/2020
551,AVANZA 1.3,-,MHKM5EA3JLK172785,11/10/2020
552,INNOVA BENSIN,-,MHFJW8EM6L2384117,11/11/2020
553,CALYA 1.2,-,MHKA6GK6JLJ604396,11/12/2020
554,INNOVA BENSIN,-,MHFAW8EM8L0215356,11/12/2020
555,RUSH 1.5,-,MHKE8FA3JLJ013027,11/12/2020
556,CALYA 1.2,-,MHKA6GJ6JLJ610487,11/13/2020
557,AGYA 1.2,-,MHKA4GA5JLJ048216,11/17/2020
558,CALYA 1.2,-,MHKA6GJ6JLJ610711,11/17/2020
559,AVANZA 1.3,-,MHKM5EA3JLK172558,11/19/2020
560,RUSH 1.5,-,MHKE8FA3JLJ013049,11/20/2020
561,RUSH 1.5,-,MHKE8FA3JLK046852,11/21/2020
562,RUSH 1.5,-,MHKE8FA3JLK047014,11/23/2020
563,AGYA 1.2,-,MHKA4GB5JLJ035575,11/24/2020
564,HILUX DOUBLE CABIN 2.4 DIESEL,-,MR0KB8CD5L1124734,11/24/2020
565,INNOVA BENSIN,-,MHFJW8EM1L2384106,11/24/2020
566,AVANZA 1.3,-,MHKM5EA4JLK037356,11/25/2020
567,AVANZA 1.5,-,MHKM5FA4JLK066117,11/25/2020
568,FORTUNER 4X2 DIESEL,-,MHFAB8GSXL0473126,11/25/2020
569,HILUX PICK UP 2.4 DIESEL,-,MR0EB8BB0L0050805,11/25/2020
570,AVANZA 1.3,-,MHKM5EA3JLK172656,11/27/2020
571,HILUX DOUBLE CABIN 2.4 DIESEL,-,MR0KB8CD2L1211863,11/27/2020
572,HILUX PICK UP 2.0 BENSIN,-,MR0CW8BB2L0044368,11/27/2020
573,AVANZA 1.5,-,MHKM5FA4JLK066247,11/30/2020
574,RUSH 1.5 TRD Sportivo M/T,-,MHKE8FA3JLJ014419,12/2/2020
575,AVANZA 1.5 VELOZ M/T,-,MHKM5FA4JLK066231,12/3/2020
576,AVANZA 1.5 VELOZ M/T,-,MHKM5FA4JLK066168,12/3/2020
577,RUSH 1.5 TRD Sportivo A/T,-,MHKE8FB3JLJ012695,12/4/2020
578,RUSH 1.5 TRD Sportivo M/T,-,MHKE8FA3JLJ014460,12/4/2020
579,HILUX PICK UP 2.0 BENSIN,-,MR0CW8BB8L0044164,12/7/2020
580,RUSH 1.5,-,MHKE8FA3JLJ014456,12/8/2020
581,CALYA 1.2,-,MHKA6GJ6JLJ610688,12/10/2020
582,AGYA 1.2,-,MHKA4GA5JLJ047403,12/11/2020
583,AVANZA 1.3,-,MHKM5EA3JLK172655,12/11/2020
584,HILUX PICK UP 2.4 DIESEL,-,MR0CB8BB8L0022693,12/11/2020
585,HILUX DOUBLE CABIN 2.4 DIESEL,-,MR0BB3CD4L0001127,12/12/2020
586,RUSH 1.5,-,MHKE8FA3JLJ014437,12/15/2020
587,CALYA 1.2,-,MHKA6GJ6JLJ612449,12/16/2020
588,INNOVA BENSIN,-,MHFJW8EM2L2384924,12/16/2020
589,AVANZA 1.3,-,MHKM5EA4JLK037486,12/17/2020
590,AVANZA 1.5,-,MHKM5FA4JLK066530,12/17/2020
591,AGYA 1.2,-,MHKA4GA5JLJ047346,12/18/2020
592,FORTUNER 4X2 DIESEL,-,MHFGB8GS4L0915098,12/18/2020
593,AVANZA 1.5 VELOZ M/T,-,MHKM5FA4JLK066338,12/21/2020
594,AVANZA 1.5 VELOZ M/T,-,MHKM5FA4JLK066347,12/21/2020
595,AVANZA 1.5 VELOZ M/T,-,MHKM5FA4JLK066500,12/21/2020
596,AGYA 1.2 G M/T TRD,-,MHKA4GA5JLJ047288,12/22/2020
597,HILUX DOUBLE CABIN 2.4 DIESEL G M/T,-,MR0KB8CD6L1124869,12/22/2020
598,HILUX DOUBLE CABIN 2.4 DIESEL G M/T,-,MR0KB8CD4L1211850,12/22/2020
599,AVANZA 1.5 VELOZ M/T,-,MHKM5FA4JLK066305,12/23/2020
600,CALYA 1.2 E M/T,-,MHKA6GJ3JLJ603078,12/23/2020
601,INNOVA BENSIN G M/T,-,MHFJW8EM1L2385014,12/23/2020
602,INNOVA BENSIN VENTURER A/T,-,MHFAW3EMXL0001343,12/23/2020
603,AGYA 1.2 G M/T TRD,-,MHKA4GA5JLJ048329,12/24/2020
604,AVANZA 1.3 G A/T,-,MHKM5EB3JLK030359,12/24/2020
605,AVANZA 1.3 G M/T,-,MHKM5EA3JLK172653,12/28/2020
606,HIACE COMMUTER M/T,-,JTFSS22P8L0193146,12/28/2020
607,AGYA 1.2 G A/T TRD,-,MHKA4GB5JLJ036074,12/29/2020
608,CALYA 1.2 G M/T,-,MHKA6GJ6JLJ609100,12/29/2020
609,CALYA 1.2 G M/T,-,MHKA6GJ6JLJ610651,12/29/2020
610,HILUX PICK UP 2.4 DIESEL STD M/T,-,MR0CB8BB2L0022754,12/29/2020
611,RUSH 1.5 TRD Sportivo A/T,-,MHKE8FB3JLJ014167,12/30/2020
612,RUSH 1.5 TRD Sportivo M/T,-,MHKE8FA3JLJ016393,12/31/2020
613,AVANZA 1.3 G M/T,-,MHKM5EA3JKK159007,1/4/2020
614,INNOVA BENSIN V M/T,-,MHFGW8EM0K1027448,1/4/2020
615,AVANZA 1.5 VELOZ M/T,-,MHKM5FA4JKK060905,1/8/2020
616,AVANZA 1.5 VELOZ M/T,-,MHKM5FA4JKK060662,1/9/2020
617,CALYA 1.2 G A/T,-,MHKA6GK6JKJ059098,1/9/2020
618,CALYA 1.2 G M/T,-,MHKA6GJ6JKJ134225,1/9/2020
619,FORTUNER 4X2 DIESEL VRZ A/T,-,MHFGB8GS5L0907365,1/9/2020
620,AVANZA 1.5 VELOZ M/T,-,MHKM5FA4JKK061469,1/14/2020
621,RUSH 1.5 TRD Sportivo M/T,-,MHKE8FA3JLK043542,1/16/2020
622,AGYA 1.2 G M/T TRD,-,MHKA4GA5JKJ041746,1/20/2020
623,AVANZA 1.5 VELOZ A/T,-,MHKM5FB4JLK027612,1/20/2020
624,RUSH 1.5 TRD Sportivo M/T,-,MHKE8FA3JKJ005153,1/20/2020
625,AGYA 1.2 G A/T TRD,-,MHKA4GB5JKJ030506,1/21/2020
626,AVANZA 1.5 VELOZ M/T,-,MHKM5FA4JKK061618,1/21/2020
627,AVANZA 1.5 VELOZ M/T,-,MHKM5FA4JKK060150,1/21/2020
628,RUSH 1.5 TRD Sportivo M/T,-,MHKE8FA3JKJ005261,1/21/2020
629,YARIS S CVT TRD,-,MHFK23F30K2079171,1/22/2020
630,AVANZA 1.3 G M/T,-,MHKM5EA3JKK161002,1/24/2020
631,AVANZA 1.3 G A/T,-,MHKM5EB3JKK027883,1/27/2020
632,CALYA 1.2 G M/T,-,MHKA6GJ6JKJ134095,1/27/2020
633,AVANZA 1.5 VELOZ M/T,-,MHKM5FA4JKK061152,1/28/2020
634,AGYA 1.2 G M/T TRD,-,MHKA4GA5JKJ041680,1/29/2020
635,RUSH 1.5 TRD Sportivo M/T,-,MHKE8FA3JKJ005544,1/29/2020
636,AVANZA 1.5 VELOZ M/T,-,MHKM5FA4JLK062042,1/30/2020
637,AGYA 1.2 G M/T TRD,-,MHKA4GA5JLJ045275,8/24/2020
638,AVANZA 1.3 G M/T,-,MHKM5EA3JLK166456,9/15/2020
639,CALYA 1.2 G A/T,-,MHKA6GK6JKJ059032,1/9/2020
640,AVANZA  ,-,MHKM1CA4JCK0XXXXX,2/1/2013
641,HILUX,-,MR0EW8BB9H0203855,8/31/2017
642,CALYA 1.2,3NRH061619,MHKA6GJ6JGJ021638,1/10/2017
643,AVANZA 1.3 G M/T,-,MHKM5EA3JKK160474,1/31/2020
644,INNOVA BENSIN G M/T,-,MHFJW8EM4L2380373,3/17/2020
645,HILUX PICK UP 2.4 DIESEL STD M/T,-,MHKE8FA3JLJ013052,10/28/2020
646,AVANZA 1.3,1NRF369819,MHKM5EA3JJK093841,2/27/2018
647,"AVANZA 1.3 G M/T
",-,MHKM5EA3JKK154436,12/6/2019
